# /coordinate's refusal wording for koto's typed `koto init` errors, read by
# scripts/koto-open.sh through coordinate-open.sh. Format: <code>[:<VAR>]<TAB><text>.
# {value} {var} {constraint} are replaced with koto's fields, never evaluated.
invalid_var:ROADMAP	`{value}` is not a roadmap path: a roadmap scope is `docs/roadmaps/.../ROADMAP-<name>.md` in this repository.
invalid_var:DISCIPLINE	Discipline name `{value}` must match `^[a-z0-9][a-z0-9-]*$`.
invalid_var:HOST_REPO	Host repository `{value}` must be `owner/repo`.
invalid_var:CAP	The worker cap `{value}` must be a whole number from 1 to 99.
invalid_var:PARKED_BOUND	The parked bound `{value}` must be a whole number from 1 to 99.
invalid_var:ROTATION_DAYS	The rotation length `{value}` must be a whole number of days from 1 to 999.
duplicate_var	`{var}` was given more than once; give each setting once.
invalid_var	`{value}` is not a valid value for {var} ({constraint}).
